SNP1,SNP2,SNP3,r1,r2,r3
solcap_snp_c2_3353,solcap_snp_c2_3321,solcap_snp_c2_3320,5.93E-15,0.024460242,1.80E-15
solcap_snp_c2_3320,solcap_snp_c1_1029,solcap_snp_c1_1000,5.66E-06,8.40E-05,0.02034183
solcap_snp_c1_1000,solcap_snp_c1_992,solcap_snp_c1_977,1.10E-05,0.008749713,1.12E-05
solcap_snp_c1_977,solcap_snp_c1_14388,solcap_snp_c1_14393,1.66E-06,0.017860752,1.71E-05
solcap_snp_c1_14393,solcap_snp_c1_14394,solcap_snp_c1_14370,3.70E-06,9.62E-05,9.90E-05
solcap_snp_c1_14370,solcap_snp_c2_39017,solcap_snp_c1_3608,1.36E-06,1.41E-06,0.000121037
solcap_snp_c1_3608,solcap_snp_c2_10963,solcap_snp_c2_10906,9.58E-07,4.87E-10,0.000105265
solcap_snp_c2_10906,solcap_snp_c2_32193,solcap_snp_c1_9651,0.000252777,3.93E-05,0.000135745
solcap_snp_c1_9651,solcap_snp_c2_4030,solcap_snp_c1_1383,6.28E-07,5.97E-05,5.89E-05
solcap_snp_c1_1383,solcap_snp_c2_4136,solcap_snp_c2_4157,8.68E-05,5.77E-05,9.35E-05
solcap_snp_c2_4157,solcap_snp_c1_1420,solcap_snp_c1_1422,4.70E-05,5.20E-05,6.19E-05
solcap_snp_c1_1422,solcap_snp_c2_3943,solcap_snp_c2_3944,9.70E-07,0.000150622,5.78E-08
solcap_snp_c2_3944,solcap_snp_c2_3947,solcap_snp_c2_3950,0.000488769,8.98E-07,0.000241659
solcap_snp_c2_3950,solcap_snp_c2_3953,solcap_snp_c2_3961,0.001259023,1.08E-05,1.03E-05
solcap_snp_c2_3961,solcap_snp_c2_3962,solcap_snp_c2_3969,7.48E-07,5.62E-08,5.78E-08
solcap_snp_c2_3969,solcap_snp_c2_3984,solcap_snp_c1_10539,4.50E-10,4.50E-10,4.50E-10
solcap_snp_c1_10539,solcap_snp_c2_35422,solcap_snp_c1_10528,6.81E-05,5.08E-05,7.99E-05
solcap_snp_c1_10528,solcap_snp_c2_35411,solcap_snp_c2_52241,1.70E-05,6.72E-05,1.99E-05
solcap_snp_c2_52241,solcap_snp_c2_52242,solcap_snp_c2_13322,3.51E-08,6.21E-05,4.73E-05
solcap_snp_c2_13322,solcap_snp_c2_13304,solcap_snp_c2_13273,1.20E-05,1.26E-07,0.0001409
solcap_snp_c2_13273,solcap_snp_c2_13193,solcap_snp_c2_13180,2.84E-05,1.08E-05,6.86E-09
solcap_snp_c2_13180,solcap_snp_c2_13177,solcap_snp_c1_4238,0.000258251,0.006476178,0.000176647
solcap_snp_c1_4238,solcap_snp_c2_13163,solcap_snp_c2_13139,0.000570766,6.81E-05,0.007073057
solcap_snp_c2_13139,solcap_snp_c2_13138,solcap_snp_c2_13132,8.35E-06,0.000181661,1.16E-05
solcap_snp_c2_13132,solcap_snp_c1_4206,solcap_snp_c1_15470,1.07E-08,0.000444514,0.000854101
solcap_snp_c1_15470,solcap_snp_c1_14783,solcap_snp_c2_50247,2.73E-07,1.61E-08,2.56E-08
solcap_snp_c2_50247,solcap_snp_c2_52515,solcap_snp_c2_52517,0.01529144,0.035118002,2.07E-05
solcap_snp_c2_52517,solcap_snp_c2_52521,solcap_snp_c2_52522,3.12E-06,9.31E-05,5.88E-05
solcap_snp_c2_52522,solcap_snp_c2_52523,solcap_snp_c2_46431,4.55E-06,7.52E-09,0.000281029
solcap_snp_c2_46431,solcap_snp_c2_4420,solcap_snp_c1_1512,1.70E-05,6.81E-11,3.01E-10
solcap_snp_c1_1512,solcap_snp_c2_54609,solcap_snp_c2_31991,0.00018486,8.16E-05,0.0002103
solcap_snp_c2_31991,solcap_snp_c2_49766,solcap_snp_c2_49764,1.37E-05,4.67E-05,0.003350267
solcap_snp_c2_49764,solcap_snp_c1_14676,solcap_snp_c1_14669,0.01764619,6.73E-06,3.67E-05
solcap_snp_c1_14669,solcap_snp_c1_15780,solcap_snp_c2_58236,0.000155471,5.47E-07,0.000143434
solcap_snp_c2_58236,solcap_snp_c2_52898,solcap_snp_c1_7530,3.88E-10,1.40E-05,1.29E-05
solcap_snp_c1_7530,solcap_snp_c2_23439,solcap_snp_c2_23431,9.90E-05,1.39E-09,9.36E-06
solcap_snp_c2_23431,solcap_snp_c2_23426,solcap_snp_c2_46028,0.020521854,7.83E-06,0.012772096
solcap_snp_c2_46028,solcap_snp_c2_46029,solcap_snp_c2_4385,0.000392703,6.16E-06,0.012004484
solcap_snp_c2_4385,solcap_snp_c2_4383,solcap_snp_c2_4387,3.47E-07,0.000180118,2.29E-08
solcap_snp_c2_4387,solcap_snp_c2_33626,solcap_snp_c2_33627,6.53E-07,2.67E-05,9.58E-07
solcap_snp_c2_33627,solcap_snp_c1_9490,solcap_snp_c2_31383,4.50E-10,4.50E-10,4.50E-10
solcap_snp_c2_31383,solcap_snp_c1_449,solcap_snp_c2_1915,2.15E-06,8.50E-06,0.015806678
solcap_snp_c2_1915,solcap_snp_c2_53556,solcap_snp_c2_58373,8.03E-07,1.20E-05,0.000510931
solcap_snp_c2_58373,solcap_snp_c1_8210,solcap_snp_c2_26516,0.000540894,8.52E-06,9.36E-07
solcap_snp_c2_26516,solcap_snp_c2_26515,solcap_snp_c2_26509,5.47E-06,1.38E-07,0.000570866
solcap_snp_c2_26509,solcap_snp_c2_44951,solcap_snp_c2_19536,2.40E-07,1.95E-06,0.07013504
solcap_snp_c2_19536,solcap_snp_c2_19537,solcap_snp_c2_37406,0.026030491,0.005782126,0.011058106
solcap_snp_c2_37406,solcap_snp_c1_958,solcap_snp_c2_16315,2.52E-05,0.000158262,0.000983453
solcap_snp_c2_16315,solcap_snp_c2_22761,solcap_snp_c1_16394,3.88E-08,0.003946889,0.008363762
solcap_snp_c1_16394,solcap_snp_c2_22758,solcap_snp_c2_1483,9.96E-08,2.07E-06,0.000138395
solcap_snp_c2_1483,solcap_snp_c2_1485,solcap_snp_c2_1486,2.35E-05,9.87E-07,2.27E-06
solcap_snp_c2_1486,solcap_snp_c2_1493,solcap_snp_c1_216,2.68E-06,1.51E-05,1.64E-05
solcap_snp_c1_216,solcap_snp_c2_689,solcap_snp_c2_58249,9.04E-07,5.39E-07,5.47E-05
solcap_snp_c2_58249,solcap_snp_c2_20473,solcap_snp_c2_56168,0.006666324,3.04E-07,0.001020417
solcap_snp_c2_56168,solcap_snp_c2_20464,solcap_snp_c2_20481,0.000135904,9.92E-05,9.90E-05
solcap_snp_c2_20481,solcap_snp_c2_20479,solcap_snp_c1_8013,3.46E-07,1.05E-05,1.09E-05
solcap_snp_c1_8013,solcap_snp_c2_27666,solcap_snp_c2_27644,6.31E-09,3.31E-05,0.026750406
solcap_snp_c2_27644,solcap_snp_c2_27652,solcap_snp_c2_12770,4.50E-10,4.50E-10,4.50E-10
solcap_snp_c2_12770,solcap_snp_c2_12761,solcap_snp_c1_4077,0.05278507,0.03767752,0.000158233
solcap_snp_c1_4077,solcap_snp_c1_4078,solcap_snp_c2_12778,1.31E-05,7.29E-05,5.65E-05
solcap_snp_c2_12778,solcap_snp_c2_12779,solcap_snp_c2_12780,2.30E-08,8.03E-08,9.68E-08
solcap_snp_c2_12780,solcap_snp_c2_12783,solcap_snp_c2_12785,0.035595747,6.22E-06,0.143096912
solcap_snp_c2_12785,solcap_snp_c2_12786,solcap_snp_c2_12788,0.010287837,0.023036812,0.009193496
solcap_snp_c2_12788,solcap_snp_c2_12789,solcap_snp_c1_4082,8.33E-09,0.001240906,0.002073211
solcap_snp_c1_4082,solcap_snp_c1_4083,solcap_snp_c1_4084,0.000130463,0.000228519,9.67E-05
solcap_snp_c1_4084,solcap_snp_c1_4086,solcap_snp_c2_12781,0.003354713,1.46E-06,0.003848216
solcap_snp_c2_12781,solcap_snp_c2_12782,solcap_snp_c1_4091,0.008627931,0.000512898,0.024360211
solcap_snp_c1_4091,solcap_snp_c2_12807,solcap_snp_c2_44820,0.005296503,1.28E-06,2.24E-06
solcap_snp_c2_44820,solcap_snp_c2_44819,solcap_snp_c2_44817,9.69E-05,0.015602853,0.000225081
solcap_snp_c2_44817,solcap_snp_c2_44816,solcap_snp_c2_44815,1.23E-07,1.86E-08,1.65E-05
solcap_snp_c2_44815,solcap_snp_c2_44804,solcap_snp_c2_45887,1.05E-05,1.10E-11,8.90E-06
solcap_snp_c2_45887,solcap_snp_c2_45881,solcap_snp_c2_56074,3.38E-05,7.04E-05,3.31E-07
solcap_snp_c2_56074,solcap_snp_c1_12798,solcap_snp_c1_6192,0.029114206,3.46E-05,0.162722018
solcap_snp_c1_6192,solcap_snp_c1_6193,solcap_snp_c1_6166,0.025079524,0.000586176,0.244524567
solcap_snp_c1_6166,solcap_snp_c1_6176,solcap_snp_c2_19556,0.051557327,0.02320656,0.022163005
solcap_snp_c2_19556,solcap_snp_c1_6183,solcap_snp_c1_13515,1.13E-05,0.000130534,1.09E-05
solcap_snp_c1_13515,solcap_snp_c2_45570,solcap_snp_c2_45567,3.86E-06,6.45E-10,9.75E-12
solcap_snp_c2_45567,solcap_snp_c1_16062,solcap_snp_c2_54867,0.128335624,1.67E-06,0.066434422
solcap_snp_c2_54867,solcap_snp_c1_13996,solcap_snp_c1_16459,1.90E-10,7.62E-06,0.031786666
solcap_snp_c1_16459,solcap_snp_c2_51155,solcap_snp_c2_39499,1.23E-06,0.013381569,0.000239997
solcap_snp_c2_39499,solcap_snp_c2_39494,solcap_snp_c2_39488,3.20E-05,0.018675239,0.000150159
solcap_snp_c2_39488,solcap_snp_c2_39509,solcap_snp_c2_14636,4.26E-06,3.59E-05,1.24E-06
solcap_snp_c2_14636,solcap_snp_c2_14637,solcap_snp_c2_14640,0.006763672,5.60E-05,0.000669715
solcap_snp_c2_14640,solcap_snp_c2_52532,solcap_snp_c2_52543,2.66E-05,0.00018937,0.107546394
solcap_snp_c2_52543,solcap_snp_c1_11777,solcap_snp_c2_53998,9.00E-05,0.000120411,0.000122382
solcap_snp_c2_53998,solcap_snp_c1_11907,solcap_snp_c2_4197,4.50E-10,4.50E-10,4.50E-10
solcap_snp_c2_4197,solcap_snp_c2_4196,solcap_snp_c2_4127,0.010116255,0.001517414,0.015653486
solcap_snp_c2_4127,solcap_snp_c1_16413,solcap_snp_c2_40867,4.50E-10,4.50E-10,4.50E-10
solcap_snp_c2_40867,solcap_snp_c2_40858,solcap_snp_c2_40848,1.20E-07,0.0887311,3.24E-05
solcap_snp_c2_40848,solcap_snp_c2_51346,solcap_snp_c2_43032,0.01890621,0.099821176,0.000207168
solcap_snp_c2_43032,solcap_snp_c2_42961,solcap_snp_c2_27003,4.50E-10,4.50E-10,4.50E-10
solcap_snp_c2_27003,solcap_snp_c1_8390,solcap_snp_c2_26979,3.09E-08,0.019795184,0.061258926
solcap_snp_c2_26979,solcap_snp_c2_26945,solcap_snp_c1_15717,6.12E-06,4.40E-05,6.30E-06
solcap_snp_c1_15717,solcap_snp_c1_12178,solcap_snp_c1_12179,4.50E-10,4.50E-10,4.50E-10
solcap_snp_c1_12179,solcap_snp_c2_54325,solcap_snp_c1_6936,5.85E-05,3.26E-05,3.97E-05
solcap_snp_c1_6936,solcap_snp_c2_21992,solcap_snp_c2_21999,3.44E-07,1.91E-07,0.080700163
solcap_snp_c2_21999,solcap_snp_c2_22003,solcap_snp_c2_22049,3.36E-06,0.089034701,0.012573054
solcap_snp_c2_22049,solcap_snp_c2_22054,solcap_snp_c2_22067,0.002593058,0.000869173,0.000249472
solcap_snp_c2_22067,solcap_snp_c2_22069,solcap_snp_c2_22070,2.21E-05,0.00024977,4.34E-05
solcap_snp_c2_22070,solcap_snp_c2_22072,solcap_snp_c2_22076,3.98E-08,0.000209275,2.43E-09
solcap_snp_c2_22076,solcap_snp_c2_46779,solcap_snp_c2_46778,0.004901942,2.17E-08,9.13E-09
solcap_snp_c2_46778,solcap_snp_c2_46777,solcap_snp_c1_13883,5.60E-11,1.54E-11,5.12E-05
solcap_snp_c1_13883,solcap_snp_c2_46776,solcap_snp_c2_46797,1.80E-12,4.75E-12,7.16E-05
solcap_snp_c2_46797,solcap_snp_c2_46796,solcap_snp_c2_46795,6.74E-06,0.00018281,3.76E-07
solcap_snp_c2_46795,solcap_snp_c1_13885,solcap_snp_c2_29415,0.000930532,2.38E-07,0.021541259
solcap_snp_c2_29415,solcap_snp_c2_29319,solcap_snp_c2_29919,4.34E-06,9.84E-05,0.030355291
solcap_snp_c2_29919,solcap_snp_c2_30008,solcap_snp_c1_6585,0.011132039,0.000143225,2.46E-06
solcap_snp_c1_6585,solcap_snp_c1_6556,solcap_snp_c2_20589,4.21E-07,1.12E-07,1.62E-08
solcap_snp_c2_20589,solcap_snp_c2_20588,solcap_snp_c2_20698,6.05E-05,1.93E-05,2.44E-05
solcap_snp_c2_20698,solcap_snp_c2_20667,solcap_snp_c2_20640,9.13E-05,2.68E-05,1.67E-05
solcap_snp_c2_20640,solcap_snp_c2_40032,solcap_snp_c1_11867,5.64E-11,5.10E-05,2.04E-05
solcap_snp_c1_11867,solcap_snp_c1_11866,solcap_snp_c2_40084,4.43E-05,7.60E-06,1.90E-07
solcap_snp_c2_40084,solcap_snp_c2_40079,solcap_snp_c2_40075,0.000110027,2.74E-12,0.021455279
solcap_snp_c2_40075,solcap_snp_c2_43241,solcap_snp_c2_43243,4.50E-10,4.50E-10,4.50E-10
solcap_snp_c2_43243,solcap_snp_c2_3079,solcap_snp_c1_914,1.98E-10,3.64E-08,0.015012106
solcap_snp_c1_914,solcap_snp_c2_3063,solcap_snp_c2_3052,1.88E-11,4.32E-05,7.42E-05
solcap_snp_c2_3052,solcap_snp_c2_3021,solcap_snp_c2_2998,9.37E-06,0.027194919,2.27E-05
solcap_snp_c2_2998,solcap_snp_c2_3084,solcap_snp_c2_2992,1.03E-07,3.47E-06,8.20E-06
solcap_snp_c2_2992,solcap_snp_c2_48033,solcap_snp_c2_48041,4.68E-05,8.22E-05,1.46E-06
solcap_snp_c2_48041,solcap_snp_c2_53747,solcap_snp_c1_16490,4.93E-05,0.000100409,7.13E-05
solcap_snp_c1_16490,solcap_snp_c2_55483,solcap_snp_c2_55481,1.48E-16,2.22E-08,3.06E-08
solcap_snp_c2_55481,solcap_snp_c1_10590,solcap_snp_c2_35621,4.48E-12,0.017804639,4.88E-05
solcap_snp_c2_35621,solcap_snp_c1_10579,solcap_snp_c1_11517,0.014946772,3.39E-05,0.000317537
solcap_snp_c1_11517,solcap_snp_c2_27719,solcap_snp_c2_27765,6.29E-05,1.05E-05,7.49E-07
