SNP,a
solcap_snp_c2_23780,0.034911594
solcap_snp_c2_23781,7.83E-08
solcap_snp_c2_23803,0.008144349
solcap_snp_c2_23804,0.008298895
solcap_snp_c2_23805,0.010352078
solcap_snp_c1_7632,5.20E-09
solcap_snp_c2_23643,0.000123279
solcap_snp_c2_23669,0.02675175
solcap_snp_c2_23678,0.00115174
solcap_snp_c2_23717,0.006808227
solcap_snp_c2_23727,0.086424617
solcap_snp_c2_23728,5.84E-09
solcap_snp_c1_7621,6.39E-05
solcap_snp_c1_7622,0.003061047
solcap_snp_c1_7624,0.10987585
solcap_snp_c2_23828,0.065280378
solcap_snp_c2_23829,0.035724676
solcap_snp_c2_23831,8.62E-09
solcap_snp_c2_23832,0.000117645
solcap_snp_c2_23834,7.40E-07
solcap_snp_c2_23836,0.001802753
solcap_snp_c2_23841,0.002233926
solcap_snp_c2_23842,2.02E-09
solcap_snp_c2_23843,3.55E-05
solcap_snp_c2_23846,4.44E-07
solcap_snp_c1_15684,2.18E-05
solcap_snp_c2_40379,8.67E-05
solcap_snp_c2_33509,7.41E-05
solcap_snp_c2_33511,0.014122112
solcap_snp_c2_33512,0.070068063
solcap_snp_c2_33513,0.067819927
solcap_snp_c2_33514,3.06E-07
solcap_snp_c2_33517,0.054342538
solcap_snp_c2_33518,1.87E-10
solcap_snp_c2_33520,0.06260632
solcap_snp_c2_33521,3.08E-08
solcap_snp_c2_33532,2.91E-05
solcap_snp_c1_10042,0.046104952
solcap_snp_c2_33536,0.035252375
solcap_snp_c2_33545,0.02420142
solcap_snp_c2_33563,0.00016555
solcap_snp_c2_52069,3.82E-07
solcap_snp_c2_11605,0.028496555
solcap_snp_c2_11604,0.064567596
solcap_snp_c2_11766,0.064353905
solcap_snp_c2_11747,0.000148497
solcap_snp_c2_11739,0.002920153
solcap_snp_c2_11712,0.015903364
solcap_snp_c2_11707,0.030265684
solcap_snp_c2_11696,0.138110416
solcap_snp_c2_11695,0.023146604
solcap_snp_c2_11685,1.07E-07
solcap_snp_c1_3767,0.070270455
solcap_snp_c2_11925,0.021475887
solcap_snp_c1_3793,0.017837987
solcap_snp_c2_11923,0.032515478
solcap_snp_c2_22986,1.54E-06
solcap_snp_c2_22959,0.069034195
solcap_snp_c1_7372,0.410912254
solcap_snp_c2_23055,0.053430163
solcap_snp_c2_23056,0.007059626
solcap_snp_c2_50312,1.34E-06
solcap_snp_c2_50314,6.39E-05
solcap_snp_c2_50318,0.076248148
solcap_snp_c2_50327,0.05709152
solcap_snp_c2_50290,0.000158565
solcap_snp_c2_50311,0.001319389
solcap_snp_c2_50301,2.80E-06
solcap_snp_c2_50302,7.85E-05
solcap_snp_c2_50298,1.52E-07
solcap_snp_c2_51464,1.17E-06
solcap_snp_c2_51478,4.80E-05
solcap_snp_c2_51473,0.000156678
solcap_snp_c2_51470,0.000812242
solcap_snp_c1_14836,0.005549717
solcap_snp_c2_50429,0.110739622
solcap_snp_c2_50421,0.00022357
solcap_snp_c2_47644,1.23E-05
solcap_snp_c2_47646,1.71E-05
solcap_snp_c2_47598,5.87E-06
solcap_snp_c2_47597,0.000106941
solcap_snp_c2_52436,0.000120807
solcap_snp_c2_47284,1.21E-07
solcap_snp_c2_47252,2.66E-05
solcap_snp_c2_38221,0.000236736
solcap_snp_c2_38197,0.036972221
solcap_snp_c2_38193,6.91E-08
solcap_snp_c2_38171,3.54E-05
solcap_snp_c2_38163,2.06E-06
solcap_snp_c2_38229,3.95E-10
solcap_snp_c2_45539,1.25E-09
solcap_snp_c2_45522,0.000813419
solcap_snp_c2_45517,2.45E-07
solcap_snp_c2_37697,3.16E-06
solcap_snp_c2_37692,0.000903486
solcap_snp_c1_11267,2.86E-05
solcap_snp_c2_37066,5.39E-06
solcap_snp_c1_11078,2.05E-05
solcap_snp_c2_37031,0.010756588
solcap_snp_c1_15292,4.77E-05
solcap_snp_c2_43523,0.012679806
solcap_snp_c2_43519,0.023157766
solcap_snp_c2_43516,0.019485217
solcap_snp_c1_14645,0.008269057
solcap_snp_c2_32877,0.057478908
solcap_snp_c2_32854,4.87E-10
solcap_snp_c2_51899,0.024502415
solcap_snp_c2_43663,4.68E-09
solcap_snp_c2_24329,0.000123143
solcap_snp_c1_15864,0.000127251
solcap_snp_c2_38490,0.000176193
solcap_snp_c2_56464,0.036358948
solcap_snp_c2_54598,0.061694246
solcap_snp_c2_53298,0.032599024
solcap_snp_c2_53307,0.026579428
solcap_snp_c2_38738,0.000118681
solcap_snp_c2_38737,3.47E-06
solcap_snp_c2_44034,3.26E-05
solcap_snp_c1_12966,2.02E-05
solcap_snp_c2_54725,1.79E-05
solcap_snp_c2_37554,8.09E-05
solcap_snp_c2_37550,0.000275338
solcap_snp_c2_53962,3.34E-07
solcap_snp_c2_54742,0.000860391
solcap_snp_c2_54741,0.120268736
solcap_snp_c2_49286,1.55E-10
solcap_snp_c2_49278,0.000126564
solcap_snp_c2_48317,1.25E-07
solcap_snp_c2_44073,9.63E-05
solcap_snp_c1_12835,3.83E-06
solcap_snp_c2_43566,1.02E-06
solcap_snp_c2_43568,3.32E-07
solcap_snp_c1_5058,0.062946758
solcap_snp_c2_15676,0.071950643
solcap_snp_c2_15722,0.010660573
solcap_snp_c2_49666,0.000212631
solcap_snp_c2_52058,7.90E-05
solcap_snp_c2_52054,0.000192946
solcap_snp_c2_52053,0.076765061
solcap_snp_c1_15536,0.075875013
solcap_snp_c1_15690,4.40E-10
solcap_snp_c1_12912,1.06E-07
solcap_snp_c2_56304,8.70E-05
solcap_snp_c2_49587,6.08E-06
solcap_snp_c1_4464,2.17E-09
solcap_snp_c1_4455,6.29E-05
solcap_snp_c2_13865,7.66E-06
solcap_snp_c2_38252,9.56E-07
solcap_snp_c2_49385,1.52E-06
solcap_snp_c2_52870,2.52E-07
solcap_snp_c2_38365,0.006823534
solcap_snp_c2_38364,0.012418368
solcap_snp_c2_50226,3.58E-05
solcap_snp_c2_48422,0.000130201
solcap_snp_c2_47966,5.56E-08
solcap_snp_c1_14404,7.23E-05
solcap_snp_c1_14402,3.75E-05
solcap_snp_c2_57241,2.57E-05
solcap_snp_c2_57242,2.14E-08
solcap_snp_c2_57245,0.000114657
solcap_snp_c2_52397,0.017070145
solcap_snp_c2_40088,4.22E-05
solcap_snp_c2_40089,0.000123721
solcap_snp_c1_11868,0.014585014
solcap_snp_c2_40092,0.046538303
solcap_snp_c2_47405,0.010617039
solcap_snp_c2_5006,4.55E-09
solcap_snp_c1_1802,0.000121024
solcap_snp_c2_5217,0.026052141
solcap_snp_c2_5216,3.44E-11
solcap_snp_c2_5215,0.005715839
solcap_snp_c2_5214,5.29E-06
solcap_snp_c1_1881,2.09E-06
solcap_snp_c2_5156,3.77E-07
solcap_snp_c1_1873,0.028612629
solcap_snp_c1_16071,8.64E-05
solcap_snp_c1_15965,3.64E-08
solcap_snp_c2_44375,0.000175714
solcap_snp_c1_13068,0.000272326
solcap_snp_c2_40803,4.62E-05
solcap_snp_c2_40776,1.38E-06
solcap_snp_c2_40775,7.14E-05
solcap_snp_c1_11998,7.12E-05
solcap_snp_c1_11997,4.99E-05
solcap_snp_c1_12015,2.69E-07
solcap_snp_c1_12014,9.60E-06
solcap_snp_c2_50840,5.85E-05
solcap_snp_c2_50838,2.17E-05
solcap_snp_c2_51591,8.81E-05
solcap_snp_c2_51578,1.73E-07
solcap_snp_c2_58105,7.57E-06
solcap_snp_c1_14684,1.87E-05
solcap_snp_c2_46952,7.42E-05
solcap_snp_c2_46941,2.79E-06
solcap_snp_c2_42390,2.39E-07
solcap_snp_c2_42387,0.052542328
solcap_snp_c1_12447,5.77E-05
solcap_snp_c1_12443,2.66E-05
solcap_snp_c1_12442,5.37E-05
solcap_snp_c1_12441,0.08822685
solcap_snp_c1_12440,1.06E-08
solcap_snp_c1_12420,0.025058304
solcap_snp_c1_16067,0.06970686
solcap_snp_c2_49128,0.001469928
solcap_snp_c2_49116,0.001946268
solcap_snp_c2_49117,0.027909328
solcap_snp_c2_10311,0.065209025
solcap_snp_c2_10411,4.53E-10
solcap_snp_c1_3374,0.000104536
solcap_snp_c1_3393,0.02505368
solcap_snp_c2_10287,0.004375723
solcap_snp_c2_10319,0.017153933
solcap_snp_c2_10338,0.046133118
solcap_snp_c2_10341,0.039400298
solcap_snp_c2_10358,0.063233825
solcap_snp_c2_54371,0.021470866
solcap_snp_c2_54368,1.92E-06
solcap_snp_c2_42405,2.09E-07
solcap_snp_c2_42406,2.31E-06
solcap_snp_c1_12456,0.053617783
solcap_snp_c2_42451,6.86E-11
solcap_snp_c2_42455,0.000138551
solcap_snp_c2_42473,3.35E-05
solcap_snp_c2_42495,1.14E-08
solcap_snp_c2_55571,4.00E-07
solcap_snp_c2_55240,2.18E-06
solcap_snp_c2_8427,0.030885522
solcap_snp_c2_8428,2.89E-10
solcap_snp_c2_8430,0.083922724
solcap_snp_c2_8431,0.048371874
solcap_snp_c2_8256,0.058168373
solcap_snp_c2_8278,0.062804792
solcap_snp_c2_8295,0.050944005
solcap_snp_c2_8302,0.001283086
solcap_snp_c2_8460,3.03E-05
solcap_snp_c2_8509,1.47E-05
solcap_snp_c2_8510,8.43E-05
solcap_snp_c2_8512,6.33E-07
solcap_snp_c2_8513,4.76E-05
solcap_snp_c2_8517,0.00012324
solcap_snp_c2_8522,7.81E-09
solcap_snp_c2_8210,6.56E-05
solcap_snp_c2_3603,2.77E-07
solcap_snp_c2_3512,0.00013995
solcap_snp_c1_1163,0.013252922
solcap_snp_c2_3452,0.000153931
solcap_snp_c2_3451,0.000149984
solcap_snp_c1_1124,7.42E-08
solcap_snp_c2_3449,0.000127499
solcap_snp_c1_1116,5.33E-06
solcap_snp_c1_1094,0.017702456
solcap_snp_c1_1077,1.15E-08
solcap_snp_c1_1250,2.60E-05
solcap_snp_c1_1216,4.74E-05
